{
  "iterations": 2185,
  "learning_rate": 0.22648248189516842,
  "depth": 8,
  "l2_leaf_reg": 3.968793330444372,
  "bagging_temperature": 0.15601864044243652
}